Nombre,ID Inventario1,Importación Fotos::Image,Fecha de Ingreso,Colección,ID Inventario2,Categoría,Nombre2,Conjunto,Procedencia,Productor Autor,Temario,Ficha,Clave de Ubicación,Tipo de Fondo,Creado por1,Modificado por1,Modificado Fecha1,Fondo,Estatus Legal,Año,Fecha,Ancho,Largo Alto,Profundidad,Tipo de Objeto,Medidas especiales,Tipología,Dimensión,Características Técnicas,Material Predominante,Materiales Presentes,Lugar de Producción,Colores,Componentes,País,Técnicas,Tipo de Inscripción,Inscripciones,Descripción Formal,Creado por2,Creado Fecha2,Modificado por2,Modificado Fecha2
Azufre Polvo. Recipiente para botamen. ,2063,02063.jpg,27/10/2005,Salud,2063,Medicina,Azufre Polvo. Recipiente para botamen. ,,"MODO, Museo del Objeto del Objeto.",Productor no identificado.,,"Azufre Polvo. Recipiente para botamen.
Productor no identificado.
S/F
México.
MODO, Museo del Objeto del Objeto.",AM-B1-0044,Museográfico,Tomás,CAT02,1/11/2023 1:14:21 PM,Fondo Bruno Newman,Adquisición,0,,10.80 ,23.50 ,10.80 ,Recipiente cilíndrico de cerámica blanca decorada en dos piezas.,Base: 10.8 cm de diámetro. Altura: 23.5 cm ,,Tridimensional,,Cerámica,Cerámica,,"Blanco, azul, plata, café, verde, rosa y negro.",,México.,,,AZUFRE POLVO,"Recipiente cilíndrico de cerámica blanca en dos piezas (Cuerpo y tapa). Para azufre en polvo para farmacia o laboratorio. Decorado a mano en colores azul, plata, café, verde, rosa y negro sobre blanco. Sin contenido original.
Base superior: Tapa de forma cónica truncada rematada en esfera para manipularla. La mitad de esta esfera es de color azul y tiene un filo en plata. Los bordes de la tapa están decorados con filos en plata y azul. Esta parte de la pieza se encuentra despostillada en dos lugares.
Cuerpo: Filos en color plata circundando una franja en azul en la parte superior e inferior. Al centro marco truncado en la parte superior e inferior de color azul con detalles decorativos. En la parte truncada superior se encuentra una ilustración de una serpiente aparentemente tomando agua de un abrevadero. En la parte truncada inferior tres formas elipsoidales de color rosa. Adentro del recuadro en letras grandes de color negro se lee: “AZUFRE EN POLVO”.
Base inferior: Sin impresión",Tomás,,CAT02,11/01/2023
Semilla Mostaza. Recipiente para botamen. ,2064,02064.jpg,27/10/2005,Salud,2064,Medicina,Semilla Mostaza. Recipiente para botamen. ,,"MODO, Museo del Objeto del Objeto.",K. VIGNIER FABT. H. POCHET SUCR.,,"Semilla Mostaza. Recipiente para botamen.
K. VIGNIER FABT. H. POCHET SUCR.
S/F
Francia.
MODO, Museo del Objeto del Objeto.",AM-B1-0044,Museográfico,Tomás,Antonio Soto,12/27/2022 11:10:01 AM,Fondo Bruno Newman,Adquisición,0,,11.70 ,25.90 ,11.70 ,Recipiente cilíndrico de cerámica blanca decorada en dos piezas.,Base: 11.7 cm de diámetro. Altura: 25.9 cm ,,Tridimensional,,Cerámica,Cerámica, 66 R. J.J. ROUSSEAU PARIS.,"Blanco, azul, oro, café, verde, violeta y negro.",,Francia.,,,,"Recipiente cilíndrico de cerámica blanca en dos piezas (Cuerpo y tapa). Para material en polvo para farmacia o laboratorio. Decorado a mano en colores azul, plata, café, verde, rosa y negro sobre blanco. Con etiqueta adherida posteriormente donde se lee: “Semilla Mostaza”. Sin contenido original.
Base superior: Tapa de forma cónica truncada rematada en esfera para manipularla. Una parte de la esfera está decorada en color oro. El borde de la tapa está decorado con filo en oro.
Cuerpo: Filos en color oro en la parte superior e inferior. Al centro un recuadro irregular en color negro con detalles en oro y detalles decorativos en forma de collares y palmeras. En la parte superior un círculo con el retrato de perfil de un personaje desconocido. En la infeior el escudo de la medicina ambos en oro. Al centro una etiqueta de papel adherida posteriormente no deja ver el nombre del material contenido originalmente. Esta etiqueta es oval de color blanco con marco negro y letras en negro que reza: “Semilla Mostaza”. Esta parte está despostillada en la boca.
Base inferior: Fondo blanco con sello del productor en color café donde se lee: “K. VIGNIER FABT. H. POCHET SUCR. 66 R. J.J. ROUSSEAU PARIS”. Al centro una ilustración de una tetera.",Tomás,,Antonio Soto,27/12/2022
Goma Guar. Recipiente para botamen. ,2065,02065.jpg,27/10/2005,Salud,2065,Medicina,Goma Guar. Recipiente para botamen. ,,"MODO, Museo del Objeto del Objeto.",Productor no identificado.,,"Goma Guar. Recipiente para botamen.
Productor no identificado.
S/F
País desconocido.
MODO, Museo del Objeto del Objeto.",AM-B1-0044,Museográfico,Tomás,Antonio Soto,12/27/2022 11:10:01 AM,Fondo Bruno Newman,Adquisición,0,,11.80 ,26.40 ,11.80 ,Recipiente cilíndrico de cerámica blanca decorada en dos piezas.,Base: 11.8 cm de diámetro. Altura: 26.4 cm ,,Tridimensional,,Cerámica,Cerámica,,"Blanco, azul, oro, café, verde, amarillo, violeta y negro.",,País desconocido.,,,GUM: R:FER:G:.,"Recipiente cilíndrico de cerámica blanca en dos piezas (Cuerpo y tapa). Para material en polvo para farmacia o laboratorio. Decorado a mano en colores azul, plata, café, verde, rosa y negro sobre blanco. Sin contenido original.
Base superior: Tapa de forma cónica truncada rematada en esfera para manipularla. Una parte de esta esfera es de color rosa y oro. El borde de la tapa está decorado con filo en rosa y oro.
Cuerpo: Filos en color oro en la parte superior e inferior. Al centro una ilustración de paisaje selvático con palmera en donde se enrrosca una serpiente. Al lado derecho se ve una escultura con busto de Hipócrates con su nombre y abajo d este dos matraces y un mortero de laboratorio. Al  centro en letras negras se lee: “GUM: R:FER:G:”.
Base inferior: Fondo blanco sin impresión.",Tomás,,Antonio Soto,27/12/2022
Sin nombre. Recipiente de cerámica para material en polvo para farmacia o laboratorio. ,2066,02066.jpg,27/10/2005,Salud,2066,Medicina,Sin nombre. Recipiente de cerámica para material en polvo para farmacia o laboratorio. ,,"MODO, Museo del Objeto del Objeto.",Productor no identificado.,,"Sin nombre. Recipiente de cerámica para material en polvo para farmacia o laboratorio.
Productor no identificado.
S/F
País desconocido.
MODO, Museo del Objeto del Objeto.",AM-B1-0044,Museográfico,Tomás,Antonio Soto,12/27/2022 11:10:01 AM,Fondo Bruno Newman,Adquisición,0,,11.50 ,11.50 ,11.50 ,Recipiente cilíndrico de cerámica color gris en dos piezas.,Base: 11.5 cm de diámetro. Altura: 22.9 cm ,,Tridimensional,,Cerámica,Cerámica,,Gris,,País desconocido.,,,,"Recipiente cilíndrico de cerámica color gris en dos piezas (cuerpo y tapa). Para material en polvo para farmacia o laboratorio. Sin contenido original.
Base superior: Tapa de forma cónica truncada rematada en forma de redonda para manipularla. En color gris sin decoración.
Cuerpo: Fondo en color gris.
Base inferior: Fondo gris sin impresión.",Tomás,,Antonio Soto,27/12/2022
Sin nombre. Recipiente de cerámica para material en polvo para farmacia o laboratorio. ,2067,02067.jpg,27/10/2005,Salud,2067,Medicina,Sin nombre. Recipiente de cerámica para material en polvo para farmacia o laboratorio. ,,"MODO, Museo del Objeto del Objeto.",Productor no identificado.,,"Sin nombre. Recipiente de cerámica para material en polvo para farmacia o laboratorio.
Productor no identificado.
S/F
País desconocido.
MODO, Museo del Objeto del Objeto.",AM-B1-0044,Museográfico,Tomás,Antonio Soto,12/27/2022 11:10:01 AM,Fondo Bruno Newman,Adquisición,0,,11.30 ,19.40 ,11.30 ,Recipiente cilíndrico de cerámica color blanco en dos piezas.,Base: 11.3 cm de diámetro. Altura: 19.4 cm ,,Tridimensional,,Cerámica,Cerámica,,Blanco,,País desconocido.,,,,"Recipiente cilíndrico de cerámica color blanco en dos piezas (cuerpo y tapa). Para material en polvo para farmacia o laboratorio. Sin contenido original.
Base superior: Tapa de forma plana rematada en forma de redonda para manipularla. En color blanco sin decoración.
Cuerpo: Fondo en color blanco.
Base inferior: Fondo blanco sin impresión.",Tomás,,Antonio Soto,27/12/2022
Recipiente para botamen. ,2068,02068.jpg,27/10/2005,Salud,2068,Medicina,Recipiente para botamen. ,,"MODO, Museo del Objeto del Objeto.",Productor no identificado.,,"Recipiente para botamen.
Productor no identificado.
1810
México.
MODO, Museo del Objeto del Objeto.",AM-B1-0044,Museográfico,Tomás,Antonio Soto,12/27/2022 11:10:01 AM,Fondo Bruno Newman,Adquisición,1810,1810,10.40 ,18.20 ,10.40 ,Recipiente cilíndrico de cerámica color blanco en dos piezas.,Base: 10.4 cm de diámetro. Altura: 18.2 cm ,,Tridimensional,,Cerámica,Cerámica,,Blanco y verde,,México.,,,,"Recipiente cilíndrico de cerámica color blanco en dos piezas (cuerpo y tapa). Para material en polvo para farmacia o laboratorio. Decorado con pintura verde. Sin contenido original.
Base superior: Tapa de forma plana rematada en forma de redonda para manipularla pintada en verde. Con dos líneas redondas verdes, uno abajo de la rueda para manipular la tapa y otro en el filo. La pieza está despostillada.
Cuerpo: Fondo en color blanco. Tres líneas de color verde rodeándo el cuerpo, una en la parte media alta, otra en la parte media baja y otra en el filo inferior.
Base inferior: Fondo blanco sin impresión.",Tomás,,Antonio Soto,27/12/2022
Almizcle Vejetal. Recipiente para botamen. ,2069,02069.jpg,27/10/2005,Salud,2069,Medicina,Almizcle Vejetal. Recipiente para botamen. ,,"MODO, Museo del Objeto del Objeto.",Productor no identificado.,,"Almizcle Vejetal. Recipiente para botamen.
Productor no identificado.
S/F
País desconocido.
MODO, Museo del Objeto del Objeto.",AM-B1-0044,Museográfico,Tomás,Antonio Soto,12/27/2022 11:10:01 AM,Fondo Bruno Newman,Adquisición,0,,11.80 ,26.00 ,11.80 ,"Recipiente cilíndrico de cerámica color blanco decorado, en dos piezas.",Base: 11.8 cm de diámetro. Altura: 26 cm ,,Tridimensional,,Cerámica,Cerámica,,"Blanco, oro, verde, negro y café.",,País desconocido.,,,ALMIZCLE VEJETAL.,"Recipiente cilíndrico de cerámica color blanco en dos piezas (cuerpo y tapa). Con decoraciones a mano en oro y con etiquetas para cerámica en colores verde, negro y café. Para material en polvo para farmacia o laboratorio. Sin contenido original.
Base superior: Tapa de forma redondeada rematada en forma de redonda para manipularla. Con línea de color oro cerca de la boca. La pieza está pegada y rearmada.
Cuerpo: Fondo en color blanco. Etiqueta decorativa para cerámica con el siguiente diseño: Marco de color negro con detalles en café en forma de arcos y círcunferencias, tiene varios marcos interiores lineales en verde. En la parte media de cada lado de este marco cuenta con óvalos en color café con marcos negros irregulares con imágenes interiores. Siguiendo la dirección de las manecillas del reloj y empezando por la parte de arriba se ven las siguientes imágenes: Primero una abeja (este óvalo tiene una corona de olivos de color café). El segundo es un proceso de destilación. El tercero una pirámide con un horno redondo en su interior. El último es otra escena de destilación. Adentro de este marco al centro en letras de color negro se lee: “ALMIZCLE VEJETAL”. línea de color oro en el filo inferior.
Base inferior: Fondo blanco sin impresión.",Tomás,,Antonio Soto,27/12/2022
Resina Scamonii. Recipiente para botamen. ,2070,02070.jpg,27/10/2005,Salud,2070,Medicina,Resina Scamonii. Recipiente para botamen. ,,"MODO, Museo del Objeto del Objeto.",Productor no identificado.,,"Resina Scamonii. Recipiente para botamen.
Productor no identificado.
S/F
País desconocido.
MODO, Museo del Objeto del Objeto.",AM-B1-0045,Museográfico,Tomás,Antonio Soto,12/27/2022 11:10:01 AM,Fondo Bruno Newman,Adquisición,0,,11.60 ,19.90 ,11.60 ,Recipiente cilíndrico de cerámica color blanco en dos piezas.,Base: 11.6 cm de diámetro. Altura: 19.9 cm ,,Tridimensional,,Cerámica,Cerámica,,Blanco y café,,País desconocido.,,,,"Recipiente cilíndrico de cerámica color blanco en dos piezas (cuerpo y tapa). Para material en polvo para farmacia o laboratorio. Con detalles en color café. Sin contenido original.
Base superior: Tapa de forma plana levemente redondeada.
Cuerpo: Fondo en color blanco. Marco de color café, adentro con letras del mismo color se lee: “RESINA SCAMONII”. Etiqueta de papel adherida blanca con marco rojo y líneas del mismo color. Tiene escrita en tinta algunas palabras y cifras de las cuales se pueden leer: “Hg: Zh...$6 Deca 1-00”.
Base inferior: Fondo blanco sin impresión.",Tomás,,Antonio Soto,27/12/2022
Jabón Verde.  Recipiente para botamen. ,2071,02071.jpg,27/10/2005,Salud,2071,Medicina,Jabón Verde.  Recipiente para botamen. ,,"MODO, Museo del Objeto del Objeto.",Productor no identificado.,,"Jabón Verde.  Recipiente para botamen.
Productor no identificado.
S/F
Alemania.
MODO, Museo del Objeto del Objeto.",AM-B1-0045,Museográfico,Tomás,Antonio Soto,12/27/2022 11:10:01 AM,Fondo Bruno Newman,Adquisición,0,,11.60 ,19.90 ,11.60 ,Recipiente cilíndrico de cerámica color blanco en dos piezas.,Base: 11.6 cm de diámetro. Altura: 19.9 cm ,,Tridimensional,,Cerámica,Cerámica,,Blanco y negro,,Alemania.,,,SAPO KALIN.,"Recipiente cilíndrico de cerámica color blanco en dos piezas (cuerpo y tapa). Para material en polvo para farmacia o laboratorio. Con detalles en color negro. Sin contenido original.
Base superior: Tapa de forma plana levemente redondeada.
Cuerpo: Fondo en color blanco. Marco de color negro, adentro con letras del mismo color se lee: “SAPO KALIN”. Etiqueta de papel adherida blanca con marco negro doble con bordes tipo estampilla postal sin inscripción.Base inferior: Fondo blanco sin impresión.",Tomás,,Antonio Soto,27/12/2022
GLASCO.  TONGUE DEPRESSORS. Recipiente de vidrio para material de farmacia o laboratorio (depresores de lengua). ,2072,02072.jpg,27/10/2005,Salud,2072,Medicina,GLASCO.  TONGUE DEPRESSORS. Recipiente de vidrio para material de farmacia o laboratorio (depresores de lengua). ,,"MODO, Museo del Objeto del Objeto.",GLASCO,,"GLASCO.  TONGUE DEPRESSORS. Recipiente de vidrio para material de farmacia o laboratorio (depresores de lengua).
GLASCO
S/F
País desconocido.
MODO, Museo del Objeto del Objeto.",AM-B1-0045,Museográfico,Tomás,Antonio Soto,12/27/2022 11:10:01 AM,Fondo Bruno Newman,Adquisición,0,,11.60 ,19.90 ,11.60 ,"Recipiente cilíndrico de vidrio transparente con abertura para tapa, sin tapa.",Base: 11.6 cm de diámetro. Altura: 19.9 cm ,,Tridimensional,,Vidrio,Vidrio,,Blanco y negro,,País desconocido.,,,,"Recipiente cilíndrico de vidrio transparente originalmente en dos piezas sin tapa. Para material  de farmacia o laboratorio (depresores de lengua). Con etiqueta adherida en porta etiqueta oval al centro en blanco con detalles en oro y negro. Sin contenido original.
Base superior: Sin tapa.
Cuerpo: Portaetiqueta oval al centro. Una parte está perdida. La etiqueta es de color blanco con marco en oro con bordes en negro. Está interrumpido en su parte inferior donde se encuentra un recuadro blanco con marco oro irregular, adentro se lee: “GLASCO”. Al centro de la etiqueta con letras de color oro con bordes de color negro se lee: “TONGUE DEPRESSORS”.
Base inferior: Sin impresión.",Tomás,,Antonio Soto,27/12/2022
Ideal. Levadura en polvo.,906,00906A.jpg,03/03/2003,Alimentación,906,Comestibles,Ideal. Levadura en polvo.,,"MODO, Museo del Objeto del Objeto.",Producido por Cortazar Industrial.,,"Ideal. Levadura en polvo.
Producido por Cortazar Industrial.
S/F
México.
MODO, Museo del Objeto del Objeto.",AM-B1-A01-05-0010,Museográfico,Tomás,Antonio Soto,2/15/2022 12:26:03 PM,Fondo Bruno Newman,Adquisición,0,,4.10 ,7.40 ,4.10 ,"Cilíndrico de carón, para levadura en polvo.",4 cm de diámetro. Altura: 7.2 cm ,,Tridimensional,,Cartón,Cartón,,"Rojo, amarillo, azul, blanco y negro.",,México.,,,,"Envase cilíndrico de cartón, para levadura en polvo. Con parte del contenido original. Impreso en colores rojo, amarillo, azul, blanco y negro.
Cuerpo: Despintado por desgaste casi en su totalidad, sólo se ve claramente el color rojo. En la parte superior del envase conseva todos los colores.
En la vista frontal, se ve un círculo, al interior, un panadero gordo, en la mano derecha a la altura de la cabeza tiene una bandeja con una rosca partida. El panadero, está recargado sobre un bote de “IDEAL” y de su lado izquierdo un perro sentado moviendo la cola. A los pies del panadero, en letras muy pequeñas, se lee “HECHO EN MEXICO”.
Arriba del círculo se lee “IDEAL” en rojo, a los lados, dos listones heráldicos el primero con la inscripción “LEVADURA” y en el segundo “EN POLVO”.
A los lados del círculo se lee “M. IND. REG 33305” en la izquierda y “REG. 65900.” en la derecha.
Abajo del círculo, en orden descendente, se lee “PREPARADA POR”, “CORTAZAR INDUSTRIAL”, “MEXICO D.F.”. Del lado izquierdo de estos textos se lee en letras pequeñas “CALLE DE P. MORENO” y del lado derecho (poco claro) “TELEFONO MEX-----”.
En la vista posterior, en la parte superior la palabra “IDEAL”, abajo, dentro de un rombo, un pastel, y abajo en un listón heráldico, se lee “LEVADURA EN POLVO”.
",Tomás,,Antonio Soto,15/02/2022
Pak Fa Fui. Chamoy,907,00907A.jpg,03/03/2003,Alimentación,907,Comestibles,Pak Fa Fui. Chamoy,,"MODO, Museo del Objeto del Objeto.","Pak Fa Fui.
",,"Pak Fa Fui. Chamoy
Pak Fa Fui.

S/F
China.
MODO, Museo del Objeto del Objeto.",AM-B1-A01-05-0010,Museográfico,Tomás,Antonio Soto,2/15/2022 12:26:03 PM,Fondo Bruno Newman,Adquisición,0,,3.20 ,5.20 ,2.00 ,"De cartón plegado de una pieza, para chamoy.",,,Tridimensional,,Cartón,Cartón,,"Rojo, amarillo, azul, blanco, negro, rosa y verde.",,China.,,,,"Caja de cartón plegado de una pieza, para chamoy. Sin contenido original. Impreso en colores rojo, amarillo, azul, blanco, negro, rosa y verde.
Cara anterior: En la parte superior una tira rosa con inscripciones en chino, abajo una figura femenina con vestimenta china y tres chabacanos verdes en las manos, de fondo amarillo y nubes.
Cara posterior: Fondo azul. En la parte superior sobre una tira roja se lee “PAK FA FUI”, abajo una elipse, con inscripciones chinas, adornada con detalles florales. Abajo un marco decorativo con fondo amarillo y dos chabacanos verdes al interior. En la parte inferior una sección rosa con inscripciones chinas en rosa.
Cara lateral izquierda: Árbol de chabacanos e inscripciones chinas en negro en la mitad derecha.
Cara lateral derecha: Árbol de chabacanos e inscripciones chinas en negro en la mitad izquierda.
Cara superior: Fondo amarillo con hojas verdes e inscripciones chinas en rosa. Cargado del lado derecho dos franjas verticales en blanco.
Cara inferior: Fondo amarillo con hojas verdes e inscripciones chinas en rosa. Cargado del lado derecho dos franjas verticales en blanco.",Tomás,,Antonio Soto,15/02/2022
Burgess´s. Anchovy Paste. Pasta de Anchoas.,908,00908.jpg,03/03/2003,Alimentación,908,Comestibles,Burgess´s. Anchovy Paste. Pasta de Anchoas.,,"MODO, Museo del Objeto del Objeto.",Toast Biscuit & C. London.,,"Burgess´s. Anchovy Paste. Pasta de Anchoas.
Toast Biscuit & C. London.
S/F
Inglaterra.
MODO, Museo del Objeto del Objeto.",AM-B1-A01-05-0010,Museográfico,Tomás,Antonio Soto,2/15/2022 12:26:03 PM,Fondo Bruno Newman,Adquisición,0,,8.70 ,1.40 ,8.70 ,"Tapa ceramica, de pasta de anchoa.",8.7 cm de diámetro. Altura: 1.4 cm ,,Tridimensional,,Cerámica,Cerámica,,Blanco y negro.,,Inglaterra.,,,,"Tapa circular cerámica, para pasta de anchoas. Sin base. Impresa en color negro.
Tapa: Contorno de puntos y lineal negro. Al interior, en la parte superior se lee “BURGESS´S” , abajo “GENUINE”.
Al centro, un escudo con una elipse central formada con un cinturón con la leyenda “MONI SOIT OUI MAL PENSE”. El interior de la elipse dividido en 4 cuadrantes, cada uno con siluetas de animales. Arriba de la elipse un corona. A la izquierda, un león con un listón heráldico en las garras, con la inscripción “DIEU TE”, en la derecha un caballo con un listón heráldico con la inscripción “DROIT”. Abajo de la elipse, algunas hojas de plantas, una flor, un trébol y un fragmento de listón heráldico con la inscripción “MON”.
Del lado izquierdo, del dibujo central, se lee “THE ORIGINAL FISH SAUCE WAREHOUSE”, y del lado derecho “107 CORNER OF THE SAVEYSTEPS LONDON”.
Abajo, del dibujo, se lee “ANCHOVY PASTE” y debajo “FOR TOAST PISCUIT & C”.",Tomás,,Antonio Soto,15/02/2022
Ying MeeTea Co. Té.,909,00909A.jpg,03/03/2003,Alimentación,909,Comestibles,Ying MeeTea Co. Té.,,"MODO, Museo del Objeto del Objeto.",Ying Mee Tea Co. Hong Kong.,,"Ying MeeTea Co. Té.
Ying Mee Tea Co. Hong Kong.
S/F
China.
MODO, Museo del Objeto del Objeto.",AM-B1-A01-05-0010,Museográfico,Tomás,Antonio Soto,2/15/2022 12:26:03 PM,Fondo Bruno Newman,Adquisición,0,,13.00 ,8.50 ,7.00 ,"Caja de cartón plegado de una pieza, para té.",,,Tridimensional,,Cartón,Cartón,,"Rojo, amarillo, verde, azul, violeta, naranja, negro y blanco.",,China.,,,,"Caja de cartón plegado de una pieza, para té. Sin contenido original. Impreso en colores rojo, amarillo, verde, azul, violeta, naranja, negro y blanco.
Cara anterior: Marco dercorativo en rojo y amarillo. Al interior, contorno lineal blanco, imagen de una construcción tipo oriental sobre un lago con vegetación alrededor y un árbol, cargado del lado derecho, con hojas violeta. Dentro de la imagen, en la esquina superior izquierda, se ven inscripciones en chino y abajo, en orden descendente se lee “YING MEE TEA CO”, “20 MERCER ST., HONG KONG” y “JASMINE TEA”. En la esquina inferior izquierda, en negro, se lee “NET. WT. 5 OZ”.
En la esquina superior derecha, un círculo azul con tres aves y la inscripción, en negro “TRADE MARK”.
Cara posterior: Marco decorativo en rojo y amarillo. Al interior, contorno linal blanco. En la esquina inferior izquierda, un ave multicolor con plumaje largo en la cola, extendiendose hasta la esquina inferior. En la esquina derecha, un dragón larga cola, llegando hasta la esquina inferior. Entre éstas dos figuras, sobre fondo amarillo se lee “YING MEE TEA CO. HONG KONG. THIS TEA IS OF THE BEST QUALITY. IT CAN REFRESH YOUR MIND AND RELIVE YOUR THIRST. IT IS FRAGANT AND GOOD TO THE LAST DROP.
DIRECTIONS. 1/4 OF AN ONCE OF TEA IS TO BE MIXED WITH 1/2 PINT OF BOILING WATER AND LET THE MIXTURE STAND FOR TEN MINUTES BEFORE DRINKING. PRODUCED IN TAI WAN PROCESSED IN HONG KONG.”. Debajo de éste párrafo, inscripciones chinas en color rosa.
Cara laterial izquierda: Marco decorativo en rojo y amarillo. Al interior, contorno lineal blanco, fondo rosa, tres aves verdes de cabeza roja sobre la rama de un árbol frutal.
Cara lateral derecha: Marco decorativo en rojo y amarillo. Al interior, contorno lineal blanco, fondo azul, dos pericos rojos sobre una rama con flores en los extremos. Al fondo, del lado izquierdo, el sol.
Cara superior: Marco decorativo en rojo y amarillo. Al interior, contorno lineal blanco, tres construcciones orientales rodeadas de agua, con un puente peatonal, (cruza el lago hacia las construcciones) y vegetación en ambos lados del puente.
Cara inferior: Marco decorativo en rojo y amarillo. Al interior, contorno lineal blanco, paisaje oriental con un puente vehicular de ladrillos y un embarcación alargada de techo rosa, con 4 figuras humanas al interior. En la esquina superior izquierda, en negro, se lee “JASMINE TEA”, abajo inscripciones chinas en negro.",Tomás,,Antonio Soto,15/02/2022
Tapioca La Rade. Tapioca.,910,00910B.jpg,03/03/2003,Alimentación,910,Comestibles,Tapioca La Rade. Tapioca.,,"MODO, Museo del Objeto del Objeto.",Tapioca Cie. Alimentaire,,"Tapioca La Rade. Tapioca.
Tapioca Cie. Alimentaire
S/F
Francia.
MODO, Museo del Objeto del Objeto.",AM-B1-A01-05-0010,Museográfico,Tomás,CAT01,10/20/2022 1:18:52 PM,Fondo Bruno Newman,Adquisición,0,,8.80 ,12.80 ,8.80 ,"Metálico de base cuadrada con bordes redondeados, para tapioca.",,,Tridimensional,,Metal,Metal,,"Rojo, verde, café, oro y negro.",,Francia.,,,,"Caja metálica de base cuadrada con bordes redondeados, tapa articulada por bisagra. Sin contenido original. Impresa en colores rojo, verde, café, oro y negro.
Cara anterior: Orlas en tipo Art Noveau en rojo y verde en toda la cara, al centro un círculo con contorno dorado, al interior del círculo un paisaje con siluetas de construcciones al fondo y plantas en el primer plano. Arriba de dicho círculo, figura café con la inscripción “TAPIOCA CIE ALIMENTAIRE” y abajo del círculo otra figura donde se lee “BOUDEAUX (FRANCE) LA RADE”.
En el borde inferior sobre una línea dorada, en letras pequeñas “STE DE TABLEAUX ET BTES ET B CHRISTIAN BONNAL. BX”.
A los lados del círculo se ven dos pequeños círculos con dos figuras de “reguilete” en negro.
Cara posterior: Orlas en tipo Art Noveau en rojo y verde en toda la cara, al centro un círculo con contorno dorado, al interior del círculo un paisaje con siluetas de construcciones al fondo y plantas en el primer plano. Arriba de dicho círculo, figura café con la inscripción “TAPIOCA CIE ALIMENTAIRE” y abajo del círculo otra figura donde se lee “BOUDEAUX (FRANCE) LA RADE”.
En el borde inferior sobre una línea dorada, en letras pequeñas “STE DE TABLEAUX ET BTES ET B CHRISTIAN BONNAL. BX”.
A los lados del círculo se ven dos pequeños círculos con la figuras de “reguilete” en negro.
Cara lateral izquierda: Orlas en tipo Art Noveau en rojo y verde en toda la cara. Al centro un recuadro con contorno irregular lineal en dorado, al interior la imagen de una ciudad en un puerto, con gruas, carretas, y figuras humanas. En la parte superior del contorno un figura irregular en baige con la inscripción “TAPIOCA CIE ANIMENTAIRE”, en la parte inferior sobre una figura café se lee la inscripción “LA RADE BORDEUX (FRANC)”. A los costados dos círculos de menor tamaño con una figura de “reguilete” en negro.
Cara lateral derecha: Orlas en tipo Art Noveau en rojo y verde en toda la cara. Al centro un recuadro con contorno irregular lineal en dorado, al interior la imagen de una ciudad en un puerto, con gruas, carretas, y figuras humanas. En la parte superior del contorno un figura irregular en baige con la inscripción “TAPIOCA CIE ANIMENTAIRE”, en la parte inferior sobre una figura café se lee la inscripción “LA RADE BORDEUX (FRANC)”. A los costados dos círculos de menor tamaño con una figura de “reguilete” en negro.
Cara superior: Orlas tipo Art Noveau en rojo y verde, inspiradas en las plumas de pavo real. Al centro un círculo en relieve con dos figuras humanas y una báscula de gran tamaño. Arriba del círculo, dentro de una figura café, se lee “TAPIOCA” y abajo, de éste, “LA RADE”. A los lados se ven las palabras “MARQUE” y “DEPOSEE” respectivamente.
Cara inferior: Color del metal. ",Tomás,,CAT01,20/10/2022
Rid Gways Tea. Té.,911,00911A.jpg,03/03/2003,Alimentación,911,Comestibles,Rid Gways Tea. Té.,,"MODO, Museo del Objeto del Objeto.",Rid Gways Tea.,,"Rid Gways Tea. Té.
Rid Gways Tea.
S/F
China.
MODO, Museo del Objeto del Objeto.",AM-B1-A01-05-0010,Museográfico,Tomás,Antonio Soto,2/15/2022 12:26:03 PM,Fondo Bruno Newman,Adquisición,0,,12.70 ,9.30 ,7.00 ,"Metálico de base cuadrada con bordes redondeados, para tea.",,,Tridimensional,,Metal,Metal,,"Rojo, verde, amarillo, azul y rosa.",,China.,,,,"Caja metálica de base rectangular con bordes redondeados, con tapa articulada por bisagra, para tea. Sin contenido original. Imreso en colores rojo, verde, amarillo, azul y rosa.
Cara anterior: Marco azul, marco verde, contorno lineal dorado, al interior una figura femenina oriental, vestida de amarillo y con una sombrilla roja, y un abanico cerrado en la otra mano. De fondo se ve una embarcación sobre agua, un arbol con hojas rosas y pasto verde.
Cara posterior: Color del metal.
Cara lateral izquierda: Recuadro con contorno dorado, con grecas rojas y oro al exterior. Al interior, cuatro patos volando sobre el mar y un medio sol rojo sobre el mar cargado del lado izquierdo.
Cara lateral derecha: Recuadro con contorno dorado, con grecas rojas y oro al exterior. Al interior, fondo azul con flores, una elipse al centro con figuras humanas con vestimentas orientales y sombrillas, al fondo se ve una montaña y un lago con una embarcación.
Cara superior: Recuadro con contorno dorado, con grecas rojas y oro al exterior. Al interior, una figura oriental que bien podria ser un templo al exterior, con una figura humana sentada en la base. Al fondo, montañas,un lago con una embarcación y un muelle con techo oriental sin piso. En el cielo se ven 2 aves de pico largo y las ramas de una árbol en primer plano.
Cara inferior: Recuadro con contorno dorado, con grecas rojas y oro al exterior. Al interior un barco en aguas agitadas con una vela con decoraciones florales. Al fondo, un barco de menor tamaño y un volcán. En el cielo se ven dos aves de largo pico y cabeza roja. ",Tomás,,Antonio Soto,15/02/2022
La Vasconia. Conservas alimenticias.,912,00912A.jpg,03/03/2003,Alimentación,912,Comestibles,La Vasconia. Conservas alimenticias.,,"MODO, Museo del Objeto del Objeto.",Producido por Fabrica de Conservas Alimenticias Benito Aguirre y Cia.,,"La Vasconia. Conservas alimenticias.
Producido por Fabrica de Conservas Alimenticias Benito Aguirre y Cia.
S/F
España.
MODO, Museo del Objeto del Objeto.",AM-B1-A01-05-0010,Museográfico,Tomás,Antonio Soto,2/15/2022 12:26:03 PM,Fondo Bruno Newman,Adquisición,0,,14.30 ,7.00 ,10.30 ,"Metálico de base cuadrada con bordes redondeados, para conservas.",,,Tridimensional,,Metal,Metal,,"Rojo, café y negro.",,España.,,,,"Caja metálica de base cuadrada con bordes redondeados, orificio para tapa circular en la cara superior, para conservas. Sin contenido original. Imprso en colores rojo, café y negro.
Cara anterior: Figura irregular roja, decorada al exterior con flores en café, al interior, en negro, se lee “LA VASCONIA” arquedo hacia abajo, abajo “FABRICA DE CONSERVAS ALIMENTICIAS BENITO AGUIRRE Y CIA BILBAO - VIZCAYA”.
Cara posterior: Figura irregular roja, decorada al exterior con flores en café, al interior, en negro, una construcción con chimenea de gran tamaño (fábrica probablemente).
Cara lateral izquierda: Marco decorativo en café. Al interior fondo rojo y cuatro medallas con orlas florales entre ellas. En la parte superior, en negro se lee “BARCELONA PARIS”. En la primera medalla (esquina superior izquierda), dos rostros de perfil y la inscripción “EXPOSICION DE BARCELONA”. En la segunda (esquina superior derecha), dos figuras humanas sentadas y un texto indescifrable. La tercera (abajo de la primera), una figura que podría ser un angel y otra silueta humana leventando algo por arriba de su cabeza. En la última medalla (abajo de la segunda), un personaje alado sentado, tocando una trompeta y un texto indescifrable.
Cara lateral derecha: Marco decorativo en café. Escudo con torres y leones, con una corona en la parte superior y decorado con tres banderas de color rojo y café de cada lado. En la parte inferior se lee las palabras “CHORIZOS” y “FAMA” o “RAMA”.
Cara superior: Orificio circular de 7 cm de diámetro para la tapa.
Cara inferior: Color del metal y un círculo en relieve al centro.",Tomás,,Antonio Soto,15/02/2022
"El León, manzanilla aromática. ",913,00913A.jpg,03/03/2003,Alimentación,913,Comestibles,"El León, manzanilla aromática. ",,"MODO, Museo del Objeto del Objeto.","Producido por Exclusivas Benet, S.A. ",,"El León, manzanilla aromática.
Producido por Exclusivas Benet, S.A.
S/F
México.
MODO, Museo del Objeto del Objeto.",AM-B1-A01-05-0010,Museográfico,Tomás,Antonio Soto,2/15/2022 12:26:03 PM,Fondo Bruno Newman,Adquisición,0,,6.50 ,10.00 ,6.50 ,"Cilíndrico metálico de dos piezas, para manzanilla aromática.",6.5 cm de diámetro. Altura: 10 cm,,Tridimensional,,Metal,Metal,,"Rojo, azul, amarillo, negro, blanco.",,México.,,,,"Caja cilíndrica metálica de dos piezas, para manzanilla aromática. Sin contenido original. Etiqueta de papel en el cuerpo y tapa impresa en colores rojo, azul, amarillo, negro y blanco.
Tapa: Contornos lineales en amarillo, azul, rojo con flores, corona de grecas, corona con el texto “MANZANILLA AROMATICA DE LAS MONTAÑAS DE LEON”. Al interior, fondo azul y león en dos patas, de perfil en amarillo.
Cuerpo: Fondo rojo, cenefa floral y franja amarilla en el borde superior e inferior. Vista anterior, en la parte superior un pequeño círculo azul con un león en amarillo. Al centro, recuadro de contorno amarillo con un león en dos patas con un escudo (amarillo con un león en rojo) del lado derecho y abajo la inscripción “EL LEON MARCA REGISTRADA”. Entre la franja amarilla inferior y el borde, una figura blanca redondeada donde se lee “DESPACHO AL POR MAYOR VALENTIN DEL HOYO Y COMPAÑIA S EN C ASTORGA (LEON)”.
Vista posterior, en la parte superior un pequeño círculo azul con un león amarillo. Al centro, un recuadro de contorno amarillo con la imagen religiosa de “NUESTRA SEÑORA DEL CAMINO”, rodeada de estrellas blanca, dentro del recuadro en la esquina superior izquierda se lee “NUESTRA SRA. DEL CAMINO”.
Entre la franja amarilla inferior y el borde, una figura blanca redondeada donde se lee “MANZANILLA AROMATICA “EL LEON” ASTORGA (ESPAÑA)”.
Vista lateral izquierda, en la parte superior un pequeño círculo azul con un león amarillo. Al centro, un recuadro de contorno amarillo con la imagen de una mujer cargando una canasta de gran tamaño en el hombro, al fondo un camino y vegetación. Dentro del recuadro en la esquina superior izquierda se lee “RECOGEDORA DE MANZANILLA”. Entre la franja amarilla inferior y el borde, una figura blanca redondeada donde se lee “ACEPTADO S.S.A. N° 7400 A ENVASADO EN MEXICO”.
Vista lateral derecha, en la parte superior un pequeño círculo azul con un leon amarillo. Al centro, un recuadro de contorno amarillo con la imagen de la Catedral de León. Dentro del recuadro en la esquina superior izquierda se lee “CATEDRAL DEL LEON”. Entre la franja amarilla inferior y el borde, una figura blanca redondeada donde se lee “UNICOS AGENTES EXCLUSIVAS BENET, S.A. ISABEL LA CATOLICA 96 MEXICO, D.F.”.
Entre cada recuadro de todas las vistas, se lee impreso verticalmente “MANZANILLA “AROMATICA” DE LAS MONTANAS DE LEON” en letras blancas. ",Tomás,,Antonio Soto,15/02/2022
Glendora. Coffee. Café,914,00914A.jpg,03/03/2003,Alimentación,914,Comestibles,Glendora. Coffee. Café,,"MODO, Museo del Objeto del Objeto.","Glendora Products Co. Warren, Pa.",,"Glendora. Coffee. Café
Glendora Products Co. Warren, Pa.
S/F
Inglaterra.
MODO, Museo del Objeto del Objeto.",AM-B1-A01-05-0010,Museográfico,Tomás,Antonio Soto,2/15/2022 12:26:03 PM,Fondo Bruno Newman,Adquisición,0,,5.30 ,8.20 ,5.30 ,"Cilíndrico de cartón con tapas metálicas, para café.",5.3 cm de diámetro. Altura: 8.2 cm,,Tridimensional,,Metal,Metal y cartón.,,"Azul, blanco y oro.",,Inglaterra.,,,,"Envase de cuerpo de cartón con tapas metalicas, para café. Sin contenido original. Con etiqueta de papel en el cuerpo, impresa en colores azul, blanco y oro.
Tapa: Circular metálica.
Cuerpo: Fondo azul, franjas doradas en los bordes superior e inferior. En la vista anterior, se lee en la parte superior en orden descendente “SAMPLE” en dorado, “GLANDORA” en mayor tamaño en dorado y blanco, “BRAND” en letras doradas pequeñas y en menor tamaño “REG. U.S. PAT. OFF”. Al centro, dentro de una elipse blanca con deroraciones doradas alrededor, se lee “COFFEE”, abajo, en orden descendente, “ROSTED AND PACKED BY” en dorado, “GLENDORA PRODUCTS CO.” en blanco y “WARREN, PA.” en dorado.
En la vista posterior, en la parte superior, un círculo blanco con contorno y decorados en dorado con una taza de café al interior. Abajo, dentro de unas figuras blancas redondeadas delineadas y adornadas en dorado se leen los siguientes párrafos “WE OFFER THIS SUPERIOR BLENDED COFFE TO THE CONSUMER WITH FULL CONFIDENCE IF MADE ACCORDIN TO DIRECTONS PRINTED BELOW TO PRODUCE A MOST DELCIOUS CUP OF COFFE.” y “THOROUGHLY SCALD THE COFFEE POT BEFORE USIN. BE SURE THE WATER VOILS BEFORE POURING ON THE COFFE. USE A TALESPOONFUL ON FINE GROUND GOFFE TO EACH CUPFUL OF BOILING WATER. ALWAYS MESURE THE COFFE AND WATER. DO NOT GUESS. SET ASIDE TO SIMMER- NOT BOIL.”.
Las vistas posterior y anterior son divididas por una pequeña estrella dorada de 4 picos y una cadena vertical de puntos dorados. ",Tomás,,Antonio Soto,15/02/2022
Avant. Calcetines.,3496,003496A.jpg,27/10/2005,Apariencia,3496,Vestimenta,Avant. Calcetines.,,"MODO, Museo del Objeto del Objeto.",Tejidos de Punto Avant. S.A.,"GCI, REDES SOCIALES","Avant. Calcetines.
Tejidos de Punto Avant. S.A.
Ca. 1950.
México.
MODO, Museo del Objeto del Objeto.",AM-B1-0067,Museográfico,Tomás,CAT01,8/4/2022 1:13:38 PM,Fondo Bruno Newman,Adquisición,0.195,,12.00 ,26.50 ,4.50 ,Empaque de cartón rectangular de dos piezas con tapa embonable.,,,Tridimensional,,Cartón,Cartón,Puebla. México.,"Azul, amarillo y gris.",,México.,,,"AVANT”,  “AVANT”, “TEJIDOS DE PUNTO AVANT S.A. PUEBLA, MEX.”, “Extra Special”, “HECHO EN MEXICO”.
“AVANT”,  “ESTILO”,  “TALLA”.


","Empaque de cartón rectangular de dos piezas con tapa embonable. Con contenido original.
Base superior: En fondo color gris con rayas diagionales e ilustraciones de estrellas en color gris se ve un asta con una bandera color amarillo en donde se lee en letras color azul: “AVANT”, abajo se ve una franja color gris en medio tiene otra franja color amarillo, en la parte media inferior en fondo azul se ve una ilustración en amarillo de un calcetín con rombos grises y azules en la parte superior se lee en letras color gris: “AVANT”, abajo de esta se ve un logotipo circular color gris en el interior en letras color amarillo se lee: “TEJIDOS DE PUNTO AVANT S.A. PUEBLA, MEX.”, en la parte media se ve una corona con dos leones sobre una base, al lado se ve una franja color amarillo en donde se lee en letras color azul: “Extra Special”, abajo se lee en letras color gris: “HECHO EN MEXICO”.
Cuerpo: En fondo color azul se repite el logotipo ya mencionado al lado se lee en letras color amarillo: “AVANT”, al lado se ve un cuadro color blanco en donde se lee en letras color azul: “ESTILO”, abajo se ve otro cuadro color blanco en donde se lee en letras color azul: “TALLA”. Todo el cuerpo esta decorado con fondo líneal azul y gris con estrellas, en la otra mitad el fondo es azul.
Base inferior: Color gris. Sin ninguna inscripción.
Interior: Se ven cuatro calcetines de diferentes pares y de diversos colores.",Tomás,,CAT01,04/08/2022
Exquisite Form. Brassieres.,3497,03497A.jpg,27/10/2005,Apariencia,3497,Vestimenta,Exquisite Form. Brassieres.,,"MODO, Museo del Objeto del Objeto.","Exquisite Form. TLAXCOAQUE No. 8 MEXICO, D.F.",GCI,"Exquisite Form. Brassieres.
Exquisite Form. TLAXCOAQUE No. 8 MEXICO, D.F.
S/F
México.
MODO, Museo del Objeto del Objeto.",AM-B1-0067,Museográfico,Tomás,CAT01,8/4/2022 1:14:11 PM,Fondo Bruno Newman,Adquisición,0,,15.50 ,4.00 ,32.50 ,Empaque de cartón rectangular de dos piezas con tapa embonable.,,,Tridimensional,,Cartón,Cartón,,"Azul, blanco y negro.",,México.,,,,"Empaque de cartón rectangular de dos piezas con tapa embonable. Con contenido original.
Base superior: En fondo color azul en la parte lateral del lado izquierdo se ve una ilustración de un hombre besándole la mano a una mujer, al lado se lee en letras color blanco: “Exquisite Form”, abajo se lee en letras color negro: “brassieres”, en la parte inferior se lee en letras color negro: “UNA NUEVA DIMENSION DE BELLEZA”.
Cuerpo: En fondo color azul, se lee en letras color negro: “Cédula de Empadronamiento No. 142208 Marca Reg. 66129”, abajo se lee en letras color negro: “TLAXCOAQUE No. 8 MEXICO 8 D.F.”, al otro lado del cuerpo se lee en letras color negro: “Exquisite Form”, al lado se ve un cuadro color blanco con divisiones en negro en donde se lee en letras color negro: “MODELO NOMBRE CANTIDAD TALLA Y COPA COLOR PRECIO”.
Base inferior: Color gris. Sin ninguna inscripción.
Interior: Se ven cuatro brassieres color blanco.",Tomás,,CAT01,04/08/2022
Brasieres.,3498,03498A.jpg,27/10/2005,Apariencia,3498,Vestimenta,Brasieres.,,"MODO, Museo del Objeto del Objeto.",Exquisite Form. ,GCI,"Brasieres.
Exquisite Form.
S/F
México.
MODO, Museo del Objeto del Objeto.",AM-B1-0067,Museográfico,Tomás,CAT01,8/4/2022 1:14:03 PM,Fondo Bruno Newman,Adquisición,0,,32.50 ,15.00 ,4.00 ,Empaque de cartón rectangular de dos piezas con tapa embonable.,,407r-472,Tridimensional,,Cartón,Cartón,"Tlaxcoaque No. 8 México 8, D.F.","Azul, blanco y negro.",,México.,,,"“Exquisite Form”, “brassieres”, “UNA NUEVA DIMENSION DE BELLEZA”, “Exquisite Form”,“brassieres”, “UNA NUEVA DIMENSION DE LA BELLEZA”, “Exquisite Form”, “brassieres”, “MODELO, NOMBRE, CANTIDAD, TALLA,  COPA, COLOR, PRECIO”, “Exquisite Form”,  “brassieres”,“Ced. de Emp. No. 142208 Marca Registrada No. 66129 Tlaxcoaque No. 8 México 8, D.F.”","Empaque de cartón rectangular de dos piezas con tapa embonable. Con contenido original.
Base superior: En fondo color azul en la parte lateral del lado izquierdo se ve una ilustración de una mujer, abajo de esta se ven cuadro color blanco y negro, al lado se lee en letras color blanco: “Exquisite Form”, abajo se lee en letras color negro: “brassieres”, en la parte inferior se lee en letras color blanco: “UNA NUEVA DIMENSION DE BELLEZA”.
Cuerpo: En fondo color azul, se lee en letras color blanco: “Exquisite Form”, abajo se lee en letras color negro: “brassieres”, al lado se lee en letras color negro: “UNA NUEVA DIMENSION DE LA BELLEZA”, esta descripción se repite, al otro lado del cuerpo se lee en letras color blanco: “Exquisite Form”, abajo se lee en letras color negro: “brassieres”, al lado se ve un cuadro color blanco con divisiones en negro en donde se lee en letras color negro: “MODELO NOMBRE CANTIDAD TALLA Y COPA COLOR PRECIO”, al otro lado se lee en letras color blanco: “Exquisite Form”, abajo se lee en letras color negro: “brassieres”, al otro lado se lee: “Ced. de Emp. No. 142208 Marca Registrada No. 66129 Tlaxcoaque No. 8 México 8, D.F.”
Base inferior: Color blanco. Sin ninguna inscripción.
Interior: Se ven cuatro brassieres color blanco.",Tomás,,CAT01,04/08/2022
Apolo. Chicle. Goma de mascar.,915,00915A.jpg,03/03/2003,Alimentación,915,Comestibles,Apolo. Chicle. Goma de mascar.,,"MODO, Museo del Objeto del Objeto.",Las Fábricas Apolo. S.A. Suc. de Guido Moebius,"Rojo, ","Apolo. Chicle. Goma de mascar.
Las Fábricas Apolo. S.A. Suc. de Guido Moebius
S/F
México.
MODO, Museo del Objeto del Objeto.",AM-B1-A01-05-0010,Museográfico,Tomás,Antonio Soto,2/15/2022 12:26:03 PM,Fondo Bruno Newman,Adquisición,0,,11.00 ,8.00 ,3.00 ,"Caja de cartón plegado, de dos piezas, para goma de mascar.",,,Tridimensional,,Cartón,Cartón,,"Rojo y amarillo.
",,México.,,,,"Caja de cartón plegado, de dos piezas, para goma de mascar. Con envolturas originales del producto al interior de los sabores “KOLA, FRUTA, CANELA, MENTA y NARANJA”.
Vista anterior: Tres franjas horizontales roja - amarilla - roja. En la primera, una bandera
triangular amarilla con la inscripción en rojo “CHICLE”. En la segunda se lee “APOLO” en
gran tamaño y en cada letra un duende en diferentes posiciones. El duende de la letra “A”
sostiene el mástil de la bandera arriba descrita. En la última franja, en la esquina inferior
izquierda, en letras pequeñas amarilla “100 TABLETAS”.
Cara posterior: Color amarillo.
Cara lateral izquierda: Fondo amarillo, centrado en rojo, se lee “100 CHICLES”.
Cara lateral derecha: Fondo amarillo, centrado en rojo, se lee “100 CHICLES”.
Cara superior: Fondo amarillo, centrado en rojo, se lee “LAS FABRICAS APOLO, S.A.” y
abajo en menor tamaño “SUCS. DE GUIDO MOEBIUS”. En la parte inferior se lee “REG.
D. S. P. NUM 2121” del lado izquierdo y del lado derecho “MONTERREY, N. L.”.
Cara inferior: Fondo amarillo, centrado en rojo, se lee “LAS FABRICAS APOLO, S.A.” y abajo
en menor tamaño “SUCS. DE GUIDO MOEBIUS”. En la parte inferior se lee “REG. D. S. P.
NUM 2121” del lado izquierdo y del lado derecho “MONTERREY, N. L.”.",Tomás,,Antonio Soto,15/02/2022
Brassette. Brassieres.,3499,03499A.jpg,27/10/2005,Apariencia,3499,Vestimenta,Brassette. Brassieres.,,"MODO, Museo del Objeto del Objeto.",Brassette.,"GCI,rojo.","Brassette. Brassieres.
Brassette.
S/F
México.
MODO, Museo del Objeto del Objeto.",AM-B1-0067,Museográfico,Tomás,CAT01,8/4/2022 1:15:32 PM,Fondo Bruno Newman,Adquisición,0,,16.00 ,3.30 ,33.00 ,Empaque de cartón rectangular de dos piezas con tapa embonable.,,,Tridimensional,,Cartón,Cartón,,"Rojo, blanco y negro.",,México.,,,,"Empaque de cartón rectangular de dos piezas con tapa embonable. Con contenido original.
Base superior: En fondo color rojo se ve en la parte lateral izquierda una ilustración de una
mujer viendo para arriba de cabello corto color negro, al lado en la parte superior se lee en
letras color blanco: “cuide su forma...”, abajo se lee en letras color negro: “USE BRASSIERE”, abajo se lee en letras color negro: “Brassette”.
Cuerpo: En fondo color rojo, se lee en letras color negro: “BRASSIERE”, abajo se lee en letras color negro: “Brassette”, al lado se ve un cuadro color blanco con marco color negro en el
interior se lee en letras color negro: “MODELO COPA TALLA COLOR PRECIO”.
Base inferior: Color blanco. Sin ninguna inscripción.
Interior: Se ven cuatro brassieres color blanco.",Tomás,,CAT01,04/08/2022
Exquisite Form. Brassieres.,3500,03500A.jpg,27/10/2005,Apariencia,3500,Vestimenta,Exquisite Form. Brassieres.,,"MODO, Museo del Objeto del Objeto.",Producido por Exquisite Form.,"Mujer, brassiere, María Félix, GCI","Exquisite Form. Brassieres.
Producido por Exquisite Form.
S/F
México.
MODO, Museo del Objeto del Objeto.",AM-B1-0067,Museográfico,Tomás,CAT01,8/4/2022 1:13:46 PM,Fondo Bruno Newman,Adquisición,0,,15.50 ,4.00 ,32.50 ,Empaque de cartón rectangular de dos piezas con tapa embonable.,,,Tridimensional,,Cartón,Cartón,Tlaxcoaque No. 8 México D.F. ,"Azul, amarillo, blanco y negro.",1 Caja de cartón de dos piezas 1 Brassier,México.,,Impresa ,"En tapa se lee: ""Exquisite Form” ""BRASSIERES"" “DISEÑADOS POR”  “María Félix”.
En parte lateral izquierda se lee: ""Marca Reg. No. 66129 Cédula de Emp(ininteligible) No. 142208"" ""TLAXCOAQUE No. 8 MEXICO 8 D.F.""
En parte lateral derecha se lee: ""Exquisite Form BRASSIERES DISEÑADOS POR María Félix"" ""MODELO 312 512"" ""NOMBRE FELICIA"" ""TALLA Y COPA 36 A"" COLOR BLANCO"" ""PRECIO"". ","Empaque de cartón rectangular de dos piezas con tapa embonable. Con contenido original.
En parte frontal se observa la imagen de una mujer en tonalidades de blanco, gris y negro. Ella se encuentra de costado, con la cara observando hacia el frente, se encuentra viendo sobre su hombro. Ella lleva el cabello largo y negro, a un lado de ella se observa una mano semi extendida con la palma hacia arriba. ",Tomás,,CAT01,04/08/2022
Patronato del ahorro Nacional. Cartilla para el ahorro. ,32796,,09/01/2017,Comercio,32796,Documentos Comerciales y Ventas,Patronato del ahorro Nacional. Cartilla para el ahorro. ,,"MODO, Museo del Objeto del Objeto.",Producido por el Patronato del Ahorro Nacional. ,"Bonos, ahorro, cartilla, ","Patronato del ahorro Nacional. Cartilla para el ahorro.
Producido por el Patronato del Ahorro Nacional.
S/F
México.
MODO, Museo del Objeto del Objeto.",AM-B2-0324,Documental,Mariana Pérez,Antonio Soto,2/16/2022 1:52:04 PM,Fondo Bruno Newman,Adquisición,0,,21.45 ,15.25 ,0.05 ,"Tarjeta de cartón de forma rectangular impresa por ambos lados, con una línea punteada en la parte central para su dobles. ",,,Bidimensional,,Cartón,Cartón,Desconocido. ,Verde y negro,1 Tarjeta de Cartón,México.,,Impresa ,"En parte frontal izquierda se lee: ""EL AHORRO ESCOLAR ES UNA IMPORTANTE FUNCIÓN EDUCATIVA, YA QUE COMPLETA LA PREVISON QUE DEBE TENER EL NIÑO Y EL JOVEN, PUES EL AHORRO, COMO HABITO REDUNDA EN UNA FUTURA SITUACION DE SEGURIDAD Y DE DESAHOGO QUE A LA POSTRE SE TRADUCE EN TRANQUILIDAD Y FELICIDAD"".
INSTRUCCIONES PARA EL MANEJO.
1.- DOBLA ESTA CARTILLA PARA SU USO EN FORMA DE LIBRETA SEGUN INDICA LA LINEA PUNTEADA.
2.- LAS ESTAMPILLAS QUE VAS A COMPRAR PARA TU AHORRO, CUESTAN $0.20 CADA UNA Y EBES PEGARLAS EN LOS ESPACIOS MARCADOS AL EFECTO.
3.- SI EL BONO QUE SE TE PIDA A CAMBIO DE ESTA CARTILLA COMPLETA, LO CONSERVAS, AUMENTARA DE VALOR CADA AÑO Y CUANDO SEAS GRANDE TE SERVIRA PARA PAGAR TUS ESTUDIOS SUPERIORES.
4.- CUIDA ESTA CARTILLA PORQUE ES LA PRUEBA DE TU AHORRO Y PARA TI REPRESENTA DINERO.
PATRONATO DEL AHORRO NACIONAL""

En parte frontal lado derecho se lee: ""PATRONATO DEL AHORRO NACIONAL. $10.00. TUS GANAS Y MEXICO PROGRESA"" ""ESCUELA (NOMBRE) (CLAVE)  (NOMBRE Y FIRMA DEL ALUMNO) (NOMBRE Y FIRMA DEL ALUMNO). ZONA ___________ LOCALIDAD ________""
En parte posterior se lee: ""TUS AHORROS SE CONVIERTEN EN OBRAS BENEFICAS PARA MEXICO"".
","Tarjeta de cartón de forma rectangular impresa por ambos lados, con una línea punteada en la parte central para su dobles. En parte frontal lado derecho se observa la imagen de un gráfico en el que se observa la imagen de una carretera por la cual transitan tres automóviles, a un lado de esta se encuentra un edificio de forma piramidal y a un lado de este se observa una torre de alta tensión.
En parte posterior se observa una cuadricula dentro de la cual se observa una numeración del 1 al 50. ",Mariana Pérez,,Antonio Soto,16/02/2022
Patronato del ahorro Nacional. Cartilla para el ahorro. ,32797,,09/01/2017,Comercio,32797,Documentos Comerciales y Ventas,Patronato del ahorro Nacional. Cartilla para el ahorro. ,,"MODO, Museo del Objeto del Objeto.",Producido por el Patronato del Ahorro Nacional. ,"Bonos, ahorro, cartilla, ","Patronato del ahorro Nacional. Cartilla para el ahorro.
Producido por el Patronato del Ahorro Nacional.
S/F
México.
MODO, Museo del Objeto del Objeto.",AM-B2-0324,Documental,Mariana Pérez,Antonio Soto,2/16/2022 1:52:04 PM,Fondo Bruno Newman,Adquisición,0,,21.45 ,15.25 ,0.05 ,"Tarjeta de cartón de forma rectangular impresa por ambos lados, con una línea punteada en la parte central para su dobles. ",,,Bidimensional,,Cartón,Cartón,Desconocido. ,Verde y negro,1 Tarjeta de Cartón,México.,,Impresa ,"En parte frontal izquierda se lee: ""EL AHORRO ESCOLAR ES UNA IMPORTANTE FUNCIÓN EDUCATIVA, YA QUE COMPLETA LA PREVISON QUE DEBE TENER EL NIÑO Y EL JOVEN, PUES EL AHORRO, COMO HABITO REDUNDA EN UNA FUTURA SITUACION DE SEGURIDAD Y DE DESAHOGO QUE A LA POSTRE SE TRADUCE EN TRANQUILIDAD Y FELICIDAD"".
INSTRUCCIONES PARA EL MANEJO.
1.- DOBLA ESTA CARTILLA PARA SU USO EN FORMA DE LIBRETA SEGUN INDICA LA LINEA PUNTEADA.
2.- LAS ESTAMPILLAS QUE VAS A COMPRAR PARA TU AHORRO, CUESTAN $0.20 CADA UNA Y EBES PEGARLAS EN LOS ESPACIOS MARCADOS AL EFECTO.
3.- SI EL BONO QUE SE TE PIDA A CAMBIO DE ESTA CARTILLA COMPLETA, LO CONSERVAS, AUMENTARA DE VALOR CADA AÑO Y CUANDO SEAS GRANDE TE SERVIRA PARA PAGAR TUS ESTUDIOS SUPERIORES.
4.- CUIDA ESTA CARTILLA PORQUE ES LA PRUEBA DE TU AHORRO Y PARA TI REPRESENTA DINERO.
PATRONATO DEL AHORRO NACIONAL""

En parte frontal lado derecho se lee: ""PATRONATO DEL AHORRO NACIONAL. $10.00. TUS GANAS Y MEXICO PROGRESA"" ""ESCUELA (NOMBRE) (CLAVE)  (NOMBRE Y FIRMA DEL ALUMNO) (NOMBRE Y FIRMA DEL ALUMNO). ZONA ___________ LOCALIDAD ________""
En parte posterior se lee: ""TUS AHORROS SE CONVIERTEN EN OBRAS BENEFICAS PARA MEXICO"".
","Tarjeta de cartón de forma rectangular impresa por ambos lados, con una línea punteada en la parte central para su dobles. En parte frontal lado derecho se observa la imagen de un gráfico en el que se observa la imagen de una carretera por la cual transitan tres automóviles, a un lado de esta se encuentra un edificio de forma piramidal y a un lado de este se observa una torre de alta tensión.
En parte posterior se observa una cuadricula dentro de la cual se observa una numeración del 1 al 50. ",Mariana Pérez,,Antonio Soto,16/02/2022
Patronato del ahorro Nacional. Cartilla para el ahorro. ,32798,,09/01/2017,Comercio,32798,Documentos Comerciales y Ventas,Patronato del ahorro Nacional. Cartilla para el ahorro. ,,"MODO, Museo del Objeto del Objeto.",Producido por el Patronato del Ahorro Nacional. ,"Bonos, ahorro, cartilla, ","Patronato del ahorro Nacional. Cartilla para el ahorro.
Producido por el Patronato del Ahorro Nacional.
S/F
México.
MODO, Museo del Objeto del Objeto.",AM-B2-0324,Documental,Mariana Pérez,Antonio Soto,2/16/2022 1:52:04 PM,Fondo Bruno Newman,Adquisición,0,,21.45 ,15.25 ,0.05 ,"Tarjeta de cartón de forma rectangular impresa por ambos lados, con una línea punteada en la parte central para su dobles. ",,,Bidimensional,,Cartón,Cartón,Desconocido. ,Verde y negro,1 Tarjeta de Cartón,México.,,Impresa ,"En parte frontal izquierda se lee: ""EL AHORRO ESCOLAR ES UNA IMPORTANTE FUNCIÓN EDUCATIVA, YA QUE COMPLETA LA PREVISON QUE DEBE TENER EL NIÑO Y EL JOVEN, PUES EL AHORRO, COMO HABITO REDUNDA EN UNA FUTURA SITUACION DE SEGURIDAD Y DE DESAHOGO QUE A LA POSTRE SE TRADUCE EN TRANQUILIDAD Y FELICIDAD"".
INSTRUCCIONES PARA EL MANEJO.
1.- DOBLA ESTA CARTILLA PARA SU USO EN FORMA DE LIBRETA SEGUN INDICA LA LINEA PUNTEADA.
2.- LAS ESTAMPILLAS QUE VAS A COMPRAR PARA TU AHORRO, CUESTAN $0.20 CADA UNA Y EBES PEGARLAS EN LOS ESPACIOS MARCADOS AL EFECTO.
3.- SI EL BONO QUE SE TE PIDA A CAMBIO DE ESTA CARTILLA COMPLETA, LO CONSERVAS, AUMENTARA DE VALOR CADA AÑO Y CUANDO SEAS GRANDE TE SERVIRA PARA PAGAR TUS ESTUDIOS SUPERIORES.
4.- CUIDA ESTA CARTILLA PORQUE ES LA PRUEBA DE TU AHORRO Y PARA TI REPRESENTA DINERO.
PATRONATO DEL AHORRO NACIONAL""

En parte frontal lado derecho se lee: ""PATRONATO DEL AHORRO NACIONAL. $10.00. TUS GANAS Y MEXICO PROGRESA"" ""ESCUELA (NOMBRE) (CLAVE)  (NOMBRE Y FIRMA DEL ALUMNO) (NOMBRE Y FIRMA DEL ALUMNO). ZONA ___________ LOCALIDAD ________""
En parte posterior se lee: ""TUS AHORROS SE CONVIERTEN EN OBRAS BENEFICAS PARA MEXICO"".
","Tarjeta de cartón de forma rectangular impresa por ambos lados, con una línea punteada en la parte central para su dobles. En parte frontal lado derecho se observa la imagen de un gráfico en el que se observa la imagen de una carretera por la cual transitan tres automóviles, a un lado de esta se encuentra un edificio de forma piramidal y a un lado de este se observa una torre de alta tensión.
En parte posterior se observa una cuadricula dentro de la cual se observa una numeración del 1 al 50. ",Mariana Pérez,,Antonio Soto,16/02/2022
Patronato del ahorro Nacional. Cartilla para el ahorro. ,32799,,09/01/2017,Comercio,32799,Documentos Comerciales y Ventas,Patronato del ahorro Nacional. Cartilla para el ahorro. ,,"MODO, Museo del Objeto del Objeto.",Producido por el Patronato del Ahorro Nacional. ,"Bonos, ahorro, cartilla, ","Patronato del ahorro Nacional. Cartilla para el ahorro.
Producido por el Patronato del Ahorro Nacional.
S/F
México.
MODO, Museo del Objeto del Objeto.",AM-B2-0324,Documental,Mariana Pérez,Antonio Soto,2/16/2022 1:52:04 PM,Fondo Bruno Newman,Adquisición,0,,21.45 ,15.25 ,0.05 ,"Tarjeta de cartón de forma rectangular impresa por ambos lados, con una línea punteada en la parte central para su dobles. ",,,Bidimensional,,Cartón,Cartón,Desconocido. ,Verde y negro,1 Tarjeta de Cartón,México.,,Impresa ,"En parte frontal izquierda se lee: ""EL AHORRO ESCOLAR ES UNA IMPORTANTE FUNCIÓN EDUCATIVA, YA QUE COMPLETA LA PREVISON QUE DEBE TENER EL NIÑO Y EL JOVEN, PUES EL AHORRO, COMO HABITO REDUNDA EN UNA FUTURA SITUACION DE SEGURIDAD Y DE DESAHOGO QUE A LA POSTRE SE TRADUCE EN TRANQUILIDAD Y FELICIDAD"".
INSTRUCCIONES PARA EL MANEJO.
1.- DOBLA ESTA CARTILLA PARA SU USO EN FORMA DE LIBRETA SEGUN INDICA LA LINEA PUNTEADA.
2.- LAS ESTAMPILLAS QUE VAS A COMPRAR PARA TU AHORRO, CUESTAN $0.20 CADA UNA Y EBES PEGARLAS EN LOS ESPACIOS MARCADOS AL EFECTO.
3.- SI EL BONO QUE SE TE PIDA A CAMBIO DE ESTA CARTILLA COMPLETA, LO CONSERVAS, AUMENTARA DE VALOR CADA AÑO Y CUANDO SEAS GRANDE TE SERVIRA PARA PAGAR TUS ESTUDIOS SUPERIORES.
4.- CUIDA ESTA CARTILLA PORQUE ES LA PRUEBA DE TU AHORRO Y PARA TI REPRESENTA DINERO.
PATRONATO DEL AHORRO NACIONAL""

En parte frontal lado derecho se lee: ""PATRONATO DEL AHORRO NACIONAL. $10.00. TUS GANAS Y MEXICO PROGRESA"" ""ESCUELA (NOMBRE) (CLAVE)  (NOMBRE Y FIRMA DEL ALUMNO) (NOMBRE Y FIRMA DEL ALUMNO). ZONA ___________ LOCALIDAD ________""
En parte posterior se lee: ""TUS AHORROS SE CONVIERTEN EN OBRAS BENEFICAS PARA MEXICO"".
","Tarjeta de cartón de forma rectangular impresa por ambos lados, con una línea punteada en la parte central para su dobles. En parte frontal lado derecho se observa la imagen de un gráfico en el que se observa la imagen de una carretera por la cual transitan tres automóviles, a un lado de esta se encuentra un edificio de forma piramidal y a un lado de este se observa una torre de alta tensión.
En parte posterior se observa una cuadricula dentro de la cual se observa una numeración del 1 al 50. ",Mariana Pérez,,Antonio Soto,16/02/2022
Green Stamps. Cupones  de descuento. ,32801,,09/01/2017,Comercio,32801,Documentos Comerciales y Ventas,Green Stamps. Cupones  de descuento. ,,"MODO, Museo del Objeto del Objeto.",Producidos por The sperry and Hutchinson Company. ,"Tmbres, descuento, Estados Unidos de América, Comnercio, ","Green Stamps. Cupones  de descuento.
Producidos por The sperry and Hutchinson Company.
1959.
Estados Unidos.
MODO, Museo del Objeto del Objeto.",AM-B2-0324,Documental,Mariana Pérez,Antonio Soto,8/18/2022 4:49 PM,Fondo Bruno Newman,Adquisición,1959,,8.40 ,14.40 ,0.30 ,"Cuadernillo de papel de forma rectangular impreso, dentro de este se observan varias estampillas pegadas en sus hojas.
",,,Bidimensional,,Papel,Papel y metal ,Desconocido. ,"Blanco, verde y rojo ",1 Cubierta de papel 2 Grapas de metal  40 páginas,Estados Unidos.,,Impresa ,"En portada se lee: ""Established 1896 1/4 out D.H. ® GREEN STAMPS Save as you spend. The Sperry and Hutchinson Company"".
En contra portada se lee: ""1200W""","Cuadernillo de papel de forma rectangular impreso, dentro de este se observan varias estampillas pegadas en sus hojas.
En portada se observa un marco de color blanco y otro de color verde, dentro del cual se observan textos de distintos colores; dentro de la publicación se observan distintas estampillas de colore verde, pegadas en algunas hojas y en otras se observan ilustraciones de personas comprando. ",Mariana Pérez,,Antonio Soto,18/08/2022
"Fairbanks, Morse & Co. Nota de compra. ",32851,,17/01/2017,Comercio,32851,Documentos Comerciales y Ventas,"Fairbanks, Morse & Co. Nota de compra. ",,"MODO, Museo del Objeto del Objeto.",Productor no identificado.,"Nota, compra, mecánico, negocio ","Fairbanks, Morse & Co. Nota de compra.
Productor no identificado.
1935.
México.
MODO, Museo del Objeto del Objeto.",AM-B2-0324,Documental,Mariana Pérez,Antonio Soto,8/18/2022 4:27:17 PM,Fondo Bruno Newman,Adquisición,1935,27 de Marzo de 1935. ,13.40 ,20.00 ,,"Hoja de papel de forma rectangular impresa, tamaño esquela. ",,,Bidimensional,,Papel,Papel ,Desconocido. ,Blanco y negro ,1 Hoja de papel,México.,,Impresa ,"Se lee: ""TEl.ERIC. 3-41-13"" ""REVILLAGIGEDO, 47. ING. E. G. CADAVAL REPRESENTANTE GENERAL EN MEXICO FAIRBANKS, MORSE & CO. MOTORES DIESEL Y PARA GAS - OIL, MOTORES ELECTRICOS, BOMBAS EN GENERAL, MOLINOS DE VIENTO, PLANTAS DE LUZ. México, D.F. 27 de Marzo de 1935. Señor D. Carlos Haghenbeck, Bolivar 44 Dep 12. Embarcar (Ininteligible)"" ""Su pedido"". ""CANTIDAD. MATERIAL. IMPORTE...""
","Hoja de papel de forma rectangular impresa, tamaño esquela. Se ven diferentes un cuadros con divisiones. ",Mariana Pérez,,Antonio Soto,18/08/2022
Gran Cajón de Ropa. Recibo. ,32778,32778A.tiff,20/01/2017,Comercio,32778,Documentos Comerciales y Ventas,Gran Cajón de Ropa. Recibo. ,,"MODO, Museo del Objeto del Objeto.",Productor no identificado.,"tienda de ropa, Oaxaca, ","Gran Cajón de Ropa. Recibo.
Productor no identificado.
1899.
México.
MODO, Museo del Objeto del Objeto.",AM-B2-0324,Documental,Mariana Pérez,Antonio Soto,8/18/2022 4:27:17 PM,Fondo Bruno Newman,Adquisición,1899,26 de Julio de 1899. ,13.40 ,21.80 ,,"Hoja de papel de forma rectangular impresa, con texto impreso y manuscrito. ",,,Bidimensional,,Papel,Papel,Productor desconocido. ,Blanco y negro ,1 Hoja de papel,México.,,Impresa ,"Se lee: "" LA REFORMA DEL COMERCIO GRAN CAJÓN DE ROPA OAXACA. GAYMARD Y SPITALIER APARTADO POSTAL NUM. 175. Oaxaca, Julio 26 de 1899. Sr. Inocencio Sánchez. Tehuacan. Muy Señor nuestro: Participemos á Ud. que con esta fecha le hemos abonado en su apreciable cuenta la suma de $24.9.59 Doscientos cuarenta y nueve pesos cincuenta y nueve centavos. que por cuenta de Ud. nos entregó el Sr. José Quiroz de este comercio. Damos las debidas gracias por esta remesa y quedamos como siempre afmos. y attos S.S."" ","Hoja de papel de forma rectangular impresa, con texto impreso y manuscrito. En la esquina superior izquierda se observa una línea de la que salen ornamentos con motivos vegetales. ",Mariana Pérez,,Antonio Soto,18/08/2022
Sin nombre. Retrato del rostro de una niña.,56086,56086A.jpeg,07/06/2018,Comunicación,56086,Fotografía,Sin nombre. Retrato del rostro de una niña.,,"MODO, Museo del Objeto del Objeto.",Productor no identificado.,"Retrato,rostro,niña.","Sin nombre. Retrato del rostro de una niña.
Productor no identificado.
S/F
País desconocido.
MODO, Museo del Objeto del Objeto.",AM-B2-0416,Fotográfico,cat01,Antonio Soto,2/15/2023 1:28:58 PM,Fondo Alejandro Cortina,Adquisición,0,,6.30 ,10.50 ,0.10 ,Fotografía rectangular impresa en blanco y negro montada sobre base de cartón. ,,,Bidimensional,,Papel,Papel y cartón.,"Levitsky,22, rue de Choiseul.",Blanco y negro.,1 fotografía impresa y 1 marco de cartón.,País desconocido.,Impresión en papel fotográfico. ,Impresa.,"En la parte frontal se lee: ""LEVITSKY,22,Rue de Choiseul LE JEUNE. Succ."".",Se observa el retrato del rostro de una niña pequeña con el cabello recogido y la mirada al frente,cat01,,Antonio Soto,15/02/2023
Sin nombre. Retrato de niña con vestido. ,56087,56087A.jpeg,07/06/2018,Comunicación,56087,Fotografía,Sin nombre. Retrato de niña con vestido. ,,"MODO, Museo del Objeto del Objeto.", Mathieu Deroche. ,"Retrato,niña,vestido.","Sin nombre. Retrato de niña con vestido.
 Mathieu Deroche.
S/F
Francia.
MODO, Museo del Objeto del Objeto.",AM-B2-0416,Fotográfico,cat01,Antonio Soto,2/15/2023 1:31:53 PM,Fondo Alejandro Cortina,Adquisición,0,,6.20 ,10.50 ,0.10 ,Fotografía rectangular impresa en blanco y negro montada sobre base de cartón.  ,,,Bidimensional,,Papel,Papel y cartón. ,Boul'des Capucines 39 a París.,Blanco y negro. ,1 fotografía impresa y 1 marco de cartón.,Francia.,Impresión en papel fotográfico. ,Impresa. ,"En la parte frontal se lee: ""MATHIEU DEROCHE PHOT."".
En la parte posterior se lee: ""MATHIEU DEROCHE Boul'des Capucines 39 A PARIS PROCÉDÉ DEROCHE SPÉCIALITE DE PORTRAITS SUR EMAIL MEDAILLE D'ARGENT Exposition 1867 Tous les Chches sont conserves."".","Se observa el retrato del rostro de una niña portando un vestido , la niña se encuentra mirando al frente y con el cabello recogido.",cat01,,Antonio Soto,15/02/2023
Sin nombre. Retrato de joven con traje y moño. ,56088,56088A.jpeg,07/06/2018,Comunicación,56088,Fotografía,Sin nombre. Retrato de joven con traje y moño. ,,"MODO, Museo del Objeto del Objeto.", A. Keen.,"Retrato,joven,traje,moño.","Sin nombre. Retrato de joven con traje y moño.
 A. Keen.
S/F
Francia.
MODO, Museo del Objeto del Objeto.",AM-B2-0416,Fotográfico,cat01,Antonio Soto,2/15/2023 1:34:55 PM,Fondo Alejandro Cortina,Adquisición,0,,6.40 ,10.50 ,0.10 ,Fotografía rectangular impresa en blanco y negro montada sobre base de cartón. ,,,Bidimensional,,Papel,Papel y cartón.,"10Bt. Montmartre, 10, París.",Blanco y negro. ,1 fotografía impresa y 1 marco de cartón.,Francia.,Impresión en papel fotográfico. ,Impresa. ,"En la parte frontal se lee: ""PHOTO A. KEEN. BONDONNEAU Sr."".
En la parte posterior se lee: ""PHOTOGRAPHIE ARTISTIQUE A. KEN EMILIE BONDONNEAU 10. Bt Montmartre, 10 PARIS"".","Se observa el retrato de un niño portando un traje y un moño, el niño tiene la mirada al frente.",cat01,,Antonio Soto,15/02/2023
Sin nombre. Retrato de niña de pelo largo. ,56089,56089A.jpeg,07/06/2018,Comunicación,56089,Fotografía,Sin nombre. Retrato de niña de pelo largo. ,,"MODO, Museo del Objeto del Objeto.",Productor no identificado.,"Retrato,niña,pelo largo.","Sin nombre. Retrato de niña de pelo largo.
Productor no identificado.
S/F
País desconocido.
MODO, Museo del Objeto del Objeto.",AM-B2-0416,Fotográfico,cat01,Antonio Soto,2/15/2023 1:38:03 PM,Fondo Alejandro Cortina,Adquisición,0,,6.30 ,10.60 ,0.10 ,Fotografía rectangular impresa en blanco y negro montada sobre base de cartón. ,,,Bidimensional,,Papel,Papel y cartón.,"Levitsky,22, ruede Choiseul.",Blanco y negro.,1 fotografía impresa y 1 marco de cartón.,País desconocido.,Impresión en papel fotográfico.,Impresa. ,"En la parte frontal se lee: ""LEVITSKY,22. Rue de Choiseul. LE JEUNE, Succr"".","Se observa el retrato del rostro de una niña, tiene la mirad al frente, porta un vestido y tiene el pelo largo. ",cat01,,Antonio Soto,15/02/2023
Sin nombre. Retrato de dos jóvenes juntos. ,56090,56090A.jpeg,07/06/2018,Comunicación,56090,Fotografía,Sin nombre. Retrato de dos jóvenes juntos. ,,"MODO, Museo del Objeto del Objeto.", Mathieu Deroche. ,"Retrato,jóvenes,traje,corbata.","Sin nombre. Retrato de dos jóvenes juntos.
 Mathieu Deroche.
S/F
Francia.
MODO, Museo del Objeto del Objeto.",AM-B2-0416,Fotográfico,cat01,Antonio Soto,2/15/2023 1:41:40 PM,Fondo Alejandro Cortina,Adquisición,0,,6.30 ,10.40 ,0.10 ,Fotografía rectangular impresa en blanco y negro montada sobre base de cartón. ,,,Bidimensional,,Papel,Papel y cartón.,"Bouldes Capucines 39, A París.",Blanco y negro.,1 fotografía impresa y 1 marco de cartón.,Francia.,Impresión en papel fotográfico.,Impresa. ,"En la parte frontal se lee: ""MATHIEU-DEROCHE.PHOT. 39,BOULDES CAPUCINES."".
En la parte posterior se lee: ""MATHIEY-DEROCHE Photographe de SA.R. LE Prince De Galles Bouldes Capucines 39 A PARIS PROCÉDÉ DEROCHE SPÉCIALITÉ DE PORTRAITS SUR EMAIL MÉDAILLE D'ARGENT Exposition 1867. Tous les Clichés sont conservés"". ","Se observa el retrato de dos jóvenes, los dos tienen una posición ligeramente de perfil, portan tajes y corbatas los dos, el menor se encuentra al frente y el mayor del lado derecho atrás. ",cat01,,Antonio Soto,15/02/2023
Sin nombre. Retrato de joven con traje. ,56091,56091A.jpeg,07/06/2018,Comunicación,56091,Fotografía,Sin nombre. Retrato de joven con traje. ,,"MODO, Museo del Objeto del Objeto.", A. Ken. ,"Retrato,joven,traje.","Sin nombre. Retrato de joven con traje.
 A. Ken.
S/F
Francia.
MODO, Museo del Objeto del Objeto.",AM-B2-0416,Fotográfico,cat01,Antonio Soto,2/15/2023 1:44:14 PM,Fondo Alejandro Cortina,Adquisición,0,,6.30 ,10.50 ,0.10 ,Fotografía rectangular impresa en blanco y negro montada sobre base de cartón.,,,Bidimensional,,Papel,Papel y cartón.,"10. Boulevart, Montmartre, París. ",Blanco y negro. ,1 fotografía impresa y 1 marco de cartón.,Francia.,Impresión en papel fotográfico. ,Impresa. ,"En la parte frontal se lee: ""PHOTOGRAPHIE KEN PARIS 10.B. MONTMARTRE"".
En la parte posterior se lee_ ""PHOTOGRAPHIE ARTISTIQUE A. KEN 10.Boulevart Montmartre Paris. BONDONNEAU & CACAULT, Srs."".","Se observa el retrato de un niño, porta un saco de cuello grande, se encuentra de frente con la vista hacia el lado izquierdo. ",cat01,,Antonio Soto,15/02/2023
Sin nombre. Retrato de niña pequeña. ,56092,56092A.jpeg,07/06/2018,Comunicación,56092,Fotografía,Sin nombre. Retrato de niña pequeña. ,,"MODO, Museo del Objeto del Objeto.",Productor no identificado.,"Retrato,niña,cabello chino.","Sin nombre. Retrato de niña pequeña.
Productor no identificado.
S/F
País desconocido.
MODO, Museo del Objeto del Objeto.",AM-B2-0416,Fotográfico,cat01,Antonio Soto,2/15/2023 1:45:53 PM,Fondo Alejandro Cortina,Adquisición,0,,6.30 ,10.60 ,0.10 ,Fotografía rectangular impresa en blanco y negro montad a sobre base de cartón. ,,,Bidimensional,,Papel,Papel y cartón. ,"Levitsky,22, rue Choiseul.",Blanco y negro. ,1 fotografía impresa y 1 marco de cartón.,País desconocido.,Impresión en papel fotográfico. ,Impresa. ,"En la parte frontal se lee: ""LEVITSKY,22,Ruede Choiseul. LE JEUNE, Succr"".","Se observa el retrato del rostro de una niña pequeña de cabello chino, se encuentra con la vista al frente y porta un vestido.",cat01,,Antonio Soto,15/02/2023
Sin nombre. Retrato de niño con traje y corbata. ,56093,56093A.jpeg,07/06/2018,Comunicación,56093,Fotografía,Sin nombre. Retrato de niño con traje y corbata. ,,"MODO, Museo del Objeto del Objeto.", Mathieu Deroche. ,"Retrato,niño,traje,corbata.","Sin nombre. Retrato de niño con traje y corbata.
 Mathieu Deroche.
S/F
Francia.
MODO, Museo del Objeto del Objeto.",AM-B2-0416,Fotográfico,cat01,Antonio Soto,2/15/2023 1:48:44 PM,Fondo Alejandro Cortina,Adquisición,0,,6.30 ,10.40 ,0.10 ,Fotografía rectangular impresa en blanco y negro montada sobre base de cartón. ,,,Bidimensional,,Papel,Papel y cartón. ,Bouldes Capucines 39 A París. ,Blanco y negro.,1 fotografía impresa y 1 marco de cartón.,Francia.,Impresión en papel fotográfico. ,Impresa. ,"En la parte frontal se lee: ""MATHIEU-DEROCHE.PHOT. 39,BOULDES CAPUCINES"".
En la parte posterior se lee: ""MATHIEU-DEROCHE Photographe de S.A.R. le Prince de Galles. Bouldes Capucines 39 A PARIS PROCÉDÉ DEROCHE SPÉCIALITÉ DE PORTRAITS SUR EMAIL MÉDAILLÉ D'ARGENT Exposition 1867. Tous les Clichés sont consérves."".  ","Se observa el retrato de un niño, el niño se encuentra de perfil, porta un traje y corbata.",cat01,,Antonio Soto,15/02/2023
Sin nombre. Retrato de joven con traje y moño. ,56094,56094A.jpeg,07/06/2018,Comunicación,56094,Fotografía,Sin nombre. Retrato de joven con traje y moño. ,,"MODO, Museo del Objeto del Objeto.", A. Ken.,"Retrato,joven,traje,moño.","Sin nombre. Retrato de joven con traje y moño.
 A. Ken.
S/F
Francia.
MODO, Museo del Objeto del Objeto.",AM-B2-0416,Fotográfico,cat01,Antonio Soto,2/15/2023 1:51:15 PM,Fondo Alejandro Cortina,Adquisición,0,,6.40 ,10.50 ,0.10 ,Fotografía rectangular impresa en blanco y negro montada sobre base de cartón. ,,,Bidimensional,,Papel,Papel y cartón. ,"10 Bt. Montmartre 10, París. ",Blanco y negro.,1 fotografía impresa y 1 marco de cartón.,Francia.,Impresión en papel fotográfico. ,Impresa. ,"En la parte frontal se lee: ""PHOTOG A. KEN BONDONNEAU Sr"".
En la parte posterior se lee: ""PHOTOGRAPHIE ARTISTIQUE A KEN EMILIE BONDONNEAU 10.Bt. Montmartre,10 PARIS"".","Se observa el retrato de un joven con posición al frente y la cabeza ligeramente volteada al lado izquierdo, el joven porta un traje y un moño. ",cat01,,Antonio Soto,15/02/2023
Sin nombre. Retrato de niña y niño juntos.,56095,56095A.jpeg,07/06/2018,Comunicación,56095,Fotografía,Sin nombre. Retrato de niña y niño juntos.,,"MODO, Museo del Objeto del Objeto.", A. D. Fisher. ,,"Sin nombre. Retrato de niña y niño juntos.
 A. D. Fisher.
S/F
Estados Unidos.
MODO, Museo del Objeto del Objeto.",AM-B2-0416,Fotográfico,cat01,Antonio Soto,2/15/2023 1:54:05 PM,Fondo Alejandro Cortina,Adquisición,0,,6.30 ,10.50 ,0.10 ,Fotografía rectangular impresa en blanco y negro montada sobre base de cartón. ,,,Bidimensional,,Papel,Papel y cartón. ,"Towanda, Pa.",Blanco y negro. ,1 fotografía impresa y 1 marco de cartón.,Estados Unidos.,Impresión en papel fotográfico. ,Impresa. ,"En la parte posterior se lee: ""PHOTO BY A. D. Fisher. TOWANDA, PA. No. of Negative."". ","Se observa el retro de dos niños, una niña se encuentra de perfil sentada sobre una silla, porta un vestido largo y lleva puestos botines altos, a su lado izquierdo de pie y de frente se encuentra recargado sobre la silla un niño con un traje y botines. ",cat01,,Antonio Soto,15/02/2023
Chequera. ,32809,,02/08/2018,Comercio,32809,Documentos Comerciales y Ventas,Chequera. ,,"MODO, Museo del Objeto del Objeto.",Banco Nacional de México. ,,"Chequera.
Banco Nacional de México.
1942
México.
MODO, Museo del Objeto del Objeto.",AM-B2-0324,Museográfico,antonio soto,Antonio Soto,2/15/2022 3:31:12 PM,Fondo Donaciones,Donación,1942,abril-junio 1942,,,,chequera rectangular de papel,,,Tridimensional,,Papel,Cartón y papel,,,,México.,,,,,antonio soto,,Antonio Soto,15/02/2022
Chequera. ,32810,,02/08/2018,Comercio,32810,Documentos Comerciales y Ventas,Chequera. ,,"MODO, Museo del Objeto del Objeto.",Banco Nacional de México. ,,"Chequera.
Banco Nacional de México.
S/F

MODO, Museo del Objeto del Objeto.",AM-B2-0324,Museográfico,antonio soto,Antonio Soto,2/15/2022 3:31:12 PM,Fondo Donaciones,Donación,0,,,,,chequera rectangular de papel,,,Tridimensional,,Papel,Cartón y papel,,,,,,,,,antonio soto,,Antonio Soto,15/02/2022
Chequera. ,32836,,02/08/2018,Comercio,32836,Documentos Comerciales y Ventas,Chequera. ,,"MODO, Museo del Objeto del Objeto.",Banco Comercial Mexicano.,,"Chequera.
Banco Comercial Mexicano.
S/F

MODO, Museo del Objeto del Objeto.",AM-B2-0324,Documental,antonio soto,Antonio Soto,2/15/2022 3:31:12 PM,Fondo Donaciones,Donación,0,,,,,chequera rectangular de papel,,,Tridimensional,,Papel,Cartón y papel,,,,,,,,,antonio soto,,Antonio Soto,15/02/2022
Fotografía. Mario Vázquez.,165287,,15/02/2023,Comunicación,165287,Fotografía,Fotografía. Mario Vázquez.,,"MODO, Museo del Objeto del Objeto.",Desconocido.,,"Fotografía. Mario Vázquez.
Desconocido.

País desconocido.
MODO, Museo del Objeto del Objeto.",,,CAT08,CAT08,2/15/2023 2:01:41 PM,,,,,5.00 ,7.40 ,,,,,Bidimensional,,Papel,,,,,País desconocido.,,,,,CAT08,15/02/2023,CAT08,15/02/2023
Fotografía. Mario Vázquez Adame.,165288,,15/02/2023,Comunicación,165288,Fotografía,Fotografía. Mario Vázquez Adame.,,"MODO, Museo del Objeto del Objeto.",Desconocido.,,"Fotografía. Mario Vázquez Adame.
Desconocido.

País desconocido.
MODO, Museo del Objeto del Objeto.",,,CAT08,CAT08,2/15/2023 2:02:23 PM,,,,,3.60 ,5.10 ,,,,,Bidimensional,,Papel,,,,,País desconocido.,,,,,CAT08,15/02/2023,CAT08,15/02/2023
Fotografía. Oscar Vázquez.,165289,,15/02/2023,Comunicación,165289,Fotografía,Fotografía. Oscar Vázquez.,,"MODO, Museo del Objeto del Objeto.",Desconocido.,,"Fotografía. Oscar Vázquez.
Desconocido.

País desconocido.
MODO, Museo del Objeto del Objeto.",,,CAT08,CAT08,2/15/2023 2:02:51 PM,,,,,3.50 ,5.10 ,,,,,Bidimensional,,Papel,,,,,País desconocido.,,,,,CAT08,15/02/2023,CAT08,15/02/2023
Comprobante. Colegiatura de la niña Lidia. ,165290,,15/02/2023,Comunicación,165290,Fotografía,Comprobante. Colegiatura de la niña Lidia. ,,"MODO, Museo del Objeto del Objeto.",Colegio S. Rafael.,,"Comprobante. Colegiatura de la niña Lidia.
Colegio S. Rafael.

México.
MODO, Museo del Objeto del Objeto.",,,CAT08,CAT08,2/15/2023 2:06:24 PM,,,,,19.50 ,12.00 ,,,,,Bidimensional,,Papel,,,,,México.,,,,,CAT08,15/02/2023,CAT08,15/02/2023
Boleta. Lydia Garza V.,165291,,15/02/2023,Comunicación,165291,Fotografía,Boleta. Lydia Garza V.,,"MODO, Museo del Objeto del Objeto.",Amelia Mora.,,"Boleta. Lydia Garza V.
Amelia Mora.

México.
MODO, Museo del Objeto del Objeto.",,,CAT08,CAT08,2/15/2023 2:08:17 PM,,,,,21.50 ,16.70 ,,,,,Bidimensional,,Papel,,,,,México.,,,,,CAT08,15/02/2023,CAT08,15/02/2023
